c,Gamma_value,Mean_photon_sqz,Mean_photon_disp,Adjacency_Matrix,Distribution
0.08415221514285241,0,0.6793018001487001,0.0,"[0 1 1 1 1 1 0 0 0 0 0 0 0 0 0 1 1 0 1 1 1 1 0 1 0 1 0 0 0 0 0 0 1 1 0 1 1
 1 0 0 0 0 1 0 0 0 0 1 1 1 1 0 1 1 0 0 1 0 0 0 0 0 0 0 1 1 1 1 0 1 1 0 1 0
 0 0 0 1 0 0 1 1 1 1 1 0 0 0 0 0 1 0 0 0 0 1 0 0 0 0 1 0 0 1 0 0 1 0 1 1 0
 0 0 1 0 0 0 0 1 0 0 0 0 0 1 0 1 0 0 0 0 1 1 0 0 0 0 0 0 0 1 0 0 0 0 1 0 0
 0 0 0 0 0 0 1 0 0 0 1 0 0 0 1 0 0 1 1 0 0 1 0 0 1 0 0 1 0 0 0 0 0 0 0 0 0
 0 0 0 1 0 1 0 0 0 0 0 0 0 1 1 1 0 1 1 0 0 1 0 0 0 0 0 1 0 1 0 0 0 0 0 0 0
 0 1 0 0 0 0 0 0 0 1 0 1 0 1 1 0 0 0 1 0 1 0 0 1 0 0 0 0 1 0 0 1 0 0]","[5.84347027e-05 2.10364930e-05 2.10364930e-05 ... 0.00000000e+00
 0.00000000e+00 0.00000000e+00]"
0.08415221514285241,0.2,0.6793018001487001,2.2230363466678407,"[0 1 1 1 1 1 0 0 0 0 0 0 0 0 0 1 1 0 1 1 1 1 0 1 0 1 0 0 0 0 0 0 1 1 0 1 1
 1 0 0 0 0 1 0 0 0 0 1 1 1 1 0 1 1 0 0 1 0 0 0 0 0 0 0 1 1 1 1 0 1 1 0 1 0
 0 0 0 1 0 0 1 1 1 1 1 0 0 0 0 0 1 0 0 0 0 1 0 0 0 0 1 0 0 1 0 0 1 0 1 1 0
 0 0 1 0 0 0 0 1 0 0 0 0 0 1 0 1 0 0 0 0 1 1 0 0 0 0 0 0 0 1 0 0 0 0 1 0 0
 0 0 0 0 0 0 1 0 0 0 1 0 0 0 1 0 0 1 1 0 0 1 0 0 1 0 0 1 0 0 0 0 0 0 0 0 0
 0 0 0 1 0 1 0 0 0 0 0 0 0 1 1 1 0 1 1 0 0 1 0 0 0 0 0 1 0 1 0 0 0 0 0 0 0
 0 1 0 0 0 0 0 0 0 1 0 1 0 1 1 0 0 0 1 0 1 0 0 1 0 0 0 0 1 0 0 1 0 0]","[1.27518006e-04 6.16365557e-05 6.16365557e-05 ... 9.24466617e-10
 9.24466617e-10 9.24466617e-10]"
0.08415221514285241,1,0.6793018001487001,55.57590866669601,"[0 1 1 1 1 1 0 0 0 0 0 0 0 0 0 1 1 0 1 1 1 1 0 1 0 1 0 0 0 0 0 0 1 1 0 1 1
 1 0 0 0 0 1 0 0 0 0 1 1 1 1 0 1 1 0 0 1 0 0 0 0 0 0 0 1 1 1 1 0 1 1 0 1 0
 0 0 0 1 0 0 1 1 1 1 1 0 0 0 0 0 1 0 0 0 0 1 0 0 0 0 1 0 0 1 0 0 1 0 1 1 0
 0 0 1 0 0 0 0 1 0 0 0 0 0 1 0 1 0 0 0 0 1 1 0 0 0 0 0 0 0 1 0 0 0 0 1 0 0
 0 0 0 0 0 0 1 0 0 0 1 0 0 0 1 0 0 1 1 0 0 1 0 0 1 0 0 1 0 0 0 0 0 0 0 0 0
 0 0 0 1 0 1 0 0 0 0 0 0 0 1 1 1 0 1 1 0 0 1 0 0 0 0 0 1 0 1 0 0 0 0 0 0 0
 0 1 0 0 0 0 0 0 0 1 0 1 0 1 1 0 0 0 1 0 1 0 0 1 0 0 0 0 1 0 0 1 0 0]","[8.44434498e-13 6.85242727e-13 6.85242727e-13 ... 1.25893118e-13
 1.25893118e-13 1.25893118e-13]"
