c,Gamma_value,Mean_photon_sqz,Mean_photon_disp,Adjacency_Matrix,Distribution
0.08870010248243963,0,0.563577493058822,0.0,"[0 1 1 1 1 1 0 0 0 0 0 0 0 0 1 0 1 1 1 1 0 0 0 0 1 0 1 0 1 1 0 1 1 1 0 0 0
 0 0 0 0 1 1 1 1 0 1 1 0 0 0 1 0 1 0 0 1 1 1 1 0 1 0 0 0 0 0 0 0 1 1 1 1 1
 1 0 1 1 0 0 1 0 1 0 0 0 0 0 0 1 0 1 0 0 0 0 1 0 0 0 0 0 0 1 1 0 0 0 0 1 0
 1 0 0 0 0 0 0 0 0 0 0 0 0 0 0 0 0 0 1 0 0 0 0 0 0 0 0 0 1 0 1 0 0 0 1 0 0
 0 0 0 0 0 0 0 0 0 1 0 0 0 1 0 0 0 0 0 0 0 1 0 0 0 1 1 0 0 0 0 0 0 0 0 0 1
 0 1 0 0 1 0 1 0 0 0 0]","[8.47544985e-05 1.35607198e-05 1.35607198e-05 ... 0.00000000e+00
 0.00000000e+00 0.00000000e+00]"
0.08870010248243963,0.2,0.563577493058822,1.826097757230074,"[0 1 1 1 1 1 0 0 0 0 0 0 0 0 1 0 1 1 1 1 0 0 0 0 1 0 1 0 1 1 0 1 1 1 0 0 0
 0 0 0 0 1 1 1 1 0 1 1 0 0 0 1 0 1 0 0 1 1 1 1 0 1 0 0 0 0 0 0 0 1 1 1 1 1
 1 0 1 1 0 0 1 0 1 0 0 0 0 0 0 1 0 1 0 0 0 0 1 0 0 0 0 0 0 1 1 0 0 0 0 1 0
 1 0 0 0 0 0 0 0 0 0 0 0 0 0 0 0 0 0 1 0 0 0 0 0 0 0 0 0 1 0 1 0 0 0 1 0 0
 0 0 0 0 0 0 0 0 0 1 0 0 0 1 0 0 0 0 0 0 0 1 0 0 0 1 1 0 0 0 0 0 0 0 0 0 1
 0 1 0 0 1 0 1 0 0 0 0]","[2.08115585e-04 6.04113060e-05 6.04113060e-05 ... 1.18484182e-09
 1.18484182e-09 1.18484182e-09]"
0.08870010248243963,1,0.563577493058822,45.65244393075184,"[0 1 1 1 1 1 0 0 0 0 0 0 0 0 1 0 1 1 1 1 0 0 0 0 1 0 1 0 1 1 0 1 1 1 0 0 0
 0 0 0 0 1 1 1 1 0 1 1 0 0 0 1 0 1 0 0 1 1 1 1 0 1 0 0 0 0 0 0 0 1 1 1 1 1
 1 0 1 1 0 0 1 0 1 0 0 0 0 0 0 1 0 1 0 0 0 0 1 0 0 0 0 0 0 1 1 0 0 0 0 1 0
 1 0 0 0 0 0 0 0 0 0 0 0 0 0 0 0 0 0 1 0 0 0 0 0 0 0 0 0 1 0 1 0 0 0 1 0 0
 0 0 0 0 0 0 0 0 0 1 0 0 0 1 0 0 0 0 0 0 0 1 0 0 0 1 1 0 0 0 0 0 0 0 0 0 1
 0 1 0 0 1 0 1 0 0 0 0]","[1.17809761e-10 8.43947288e-11 8.43947288e-11 ... 1.62202838e-11
 1.62202838e-11 1.62202838e-11]"
