id,Adj,Clusters,Parameters,DistanceMatrix,color,x,y
face.csv,"[array([[1, 1, 1, 0, 1],
       [1, 1, 0, 1, 1],
       [1, 0, 1, 0, 0],
       [0, 1, 0, 1, 1],
       [1, 1, 0, 1, 1]])]","[array([1, 1, 1, 1, 1], dtype=int8)]","[10, 1, 2, 5, 3]","[[  0.          97.49769574  78.61627978 125.61764111  87.50750408]
 [ 97.49769574   0.         159.16539788  31.00926918   9.9901919 ]
 [ 78.61627978 159.16539788   0.         190.0344725  149.98869254]
 [125.61764111  31.00926918 190.0344725    0.          40.07222319]
 [ 87.50750408   9.9901919  149.98869254  40.07222319   0.        ]]",[1 0 2 0 2],[179.49529128 101.49867202 225.60761067 257.81787759 230.87397411],[ 78.30087973  68.44964469 152.6730336  176.51169497 161.1624005 ]
hyperplane.csv,"[array([[1, 1, 0, 1, 0],
       [1, 1, 0, 0, 1],
       [0, 0, 1, 1, 0],
       [1, 0, 1, 1, 0],
       [0, 1, 0, 0, 1]])]","[array([1, 1, 0, 1, 0], dtype=int8), array([0, 1, 0, 0, 1], dtype=int8)]","[10, 1, 2, 5, 3]","[[  0.          18.58656467  72.22189772  51.51204049  62.69349079]
 [ 18.58656467   0.          77.95601164  63.91565052  47.27102923]
 [ 72.22189772  77.95601164   0.          32.3314228  122.30055402]
 [ 51.51204049  63.91565052  32.3314228    0.         111.17319223]
 [ 62.69349079  47.27102923 122.30055402 111.17319223   0.        ]]",[0 1 0 1 1],[167.70373187 196.97363569 135.65108635 205.73173831 190.36930744],[219.44676943 261.83501126 223.68337365 323.91374696 279.20864746]
isolation.csv,"[array([[1, 1, 0, 0, 0],
       [1, 1, 0, 1, 0],
       [0, 0, 1, 0, 1],
       [0, 1, 0, 1, 0],
       [0, 0, 1, 0, 1]])]","[array([0, 1, 0, 1, 0], dtype=int8), array([0, 0, 0, 1, 1], dtype=int8)]","[10, 1, 2, 5, 3]","[[  0.          74.78973647 196.27741696  86.11129221 171.15175   ]
 [ 74.78973647   0.         121.83389893  42.42427942  96.67055209]
 [196.27741696 121.83389893   0.         133.67391551  25.16372336]
 [ 86.11129221  42.42427942 133.67391551   0.         110.03176659]
 [171.15175     96.67055209  25.16372336 110.03176659   0.        ]]",[2 1 1 1 2],[360.57631471 169.32556936 286.63795483 193.52203104 280.11063496],[211.93253702 167.79664671 200.67982092 174.70636565 242.59895235]
